CREATE database BLOODBANK;
CREATE TABLE DONOR (D_ID NUMERIC PRIMARY KEY, DNAME VARCHAR(15), GENDER CHAR(1), DAGE NUMERIC, D_ADDRESS VARCHAR(20), D_PHNUM NUMERIC, B_GROUP VARCHAR(5)); 
INSERT INTO DONOR VALUES(301,'Krish Singh','M',19,'Delhi','9034785679','B-'); 

INSERT INTO DONOR VALUES(302,'Muskan Manvi','F',56,'Kolkata','9056783450','A-'); 

INSERT INTO DONOR VALUES(303,'Dhruv Ravat','M',22,'Gwalior','8056893458','B-'); 

INSERT INTO DONOR VALUES(304,'Mahi Mishra','F',21,'Barnala','7779023481','A+'); 

INSERT INTO DONOR VALUES(305,'Arvind Kumar','M',36,'Kanpur','9911422342','O-'); 

INSERT INTO DONOR VALUES(306,'Shubh Rathore','M',24,'Haryana','9886701238','A-'); 

INSERT INTO DONOR VALUES(307,'Yamini Gautam','F',32,'Jodhpur','9443892342','A+'); 

INSERT INTO DONOR VALUES(308,'Khushi Singh','F',19,'Jaipur','6098223489','B+'); 

INSERT INTO DONOR VALUES(309,'Prisha Jain','F',29,'Surat','8097391029','O-'); 

INSERT INTO DONOR VALUES(310,'Kanha Mehta','M',43,'New Delhi','7123001321','A+'); 

INSERT INTO DONOR VALUES(311,'Mayuri Sharma','F',15,'Indore','9039782934','A+'); 

INSERT INTO DONOR VALUES(312,'Meera Rajput','F',23,'Kanpur','7112313124','A-'); 

INSERT INTO DONOR VALUES(313,'Satveer Singh','M',49,'Kolkata','9077563824','B-'); 


CREATE TABLE BLOOD (BCODE NUMERIC, B_GROUP VARCHAR(5), COST NUMERIC); 
CREATE TABLE RECEPTIONIST( RID NUMERIC, RNAME VARCHAR(10), R_ADDRESS VARCHAR(20), R_PHNUM NUMERIC, BANKNUM NUMERIC FOREIGN KEY REFERENCES BLOOD_BANK(BANKNUM)); 

CREATE TABLE BANKMANAGER (MID NUMERIC PRIMARY KEY, MNAME VARCHAR(10), M_PHNUM NUMERIC, MAIL VARCHAR(20)); 

CREATE TABLE BLOOD_BANK (BANKNUM NUMERIC PRIMARY KEY, MID NUMERIC FOREIGN KEY REFERENCES BANKMANAGER, D_ID NUMERIC FOREIGN KEY REFERENCES DONOR); 

CREATE TABLE HOSPITAL(HNUM NUMERIC PRIMARY KEY, HNAME VARCHAR(20), H_ADDRESS VARCHAR(20)); 

CREATE TABLE ORDERS (HNAME VARCHAR(20) , HNUM NUMERIC FOREIGN KEY REFERENCES HOSPITAL, BANKNUM NUMERIC FOREIGN KEY REFERENCES BLOOD_BANK); 

CREATE TABLE AVAILABLE( B_GROUP VARCHAR(5),BANKNUM NUMERIC);

insert into BLOOD values(101,'A+',900); 

insert into BLOOD values(104,'A-',950); 

insert into BLOOD values(102,'B+',1000); 

insert into BLOOD values(105,'B-',1500); 

insert into BLOOD values(103,'O+',2000); 

insert into BLOOD values(106,'O-',2000); 

insert into BLOOD values(107,'AB-',2500); 

insert into BLOOD values(108,'AB+',1300); 

 

insert into BANKMANAGER values(120,'Chirag','8945554394','chiragta1@gmail.com') 

insert into BANKMANAGER values(130,'Gaurav','834567284','gthakur45@gmail.com') 

insert into BANKMANAGER values(132,'Ananya','9077838423','anayahaha@gmail.com') 

insert into BANKMANAGER values(141,'Nancy','7765937492','nancy5647@gmail.com') 

insert into BANKMANAGER values(123,'Bhavna','766574892','bahvv12@gmail.com') 

insert into BANKMANAGER values(110,'Veer','9912345424','vsingh56@gmail.com') 

 

INSERT INTO BLOOD_BANK VALUES(501,110,301) 

INSERT INTO BLOOD_BANK VALUES(523,123,303) 

INSERT INTO BLOOD_BANK VALUES(531,130,307) 

INSERT INTO BLOOD_BANK VALUES(506,123,302) 

INSERT INTO BLOOD_BANK VALUES(509,130,304) 

INSERT INTO BLOOD_BANK VALUES(511,110,305) 

INSERT INTO BLOOD_BANK VALUES(517,123,306) 

INSERT INTO BLOOD_BANK VALUES(534,141,309) 

INSERT INTO BLOOD_BANK VALUES(528,123,310) 

INSERT INTO BLOOD_BANK VALUES(521,110,312) 

 

INSERT INTO RECEPTIONIST VALUES(210,'Harsh','Avanti Nagar','8034578345',501); 

INSERT INTO RECEPTIONIST VALUES(212,'Saumya','Suyog Complex','9045231342',506); 

INSERT INTO RECEPTIONIST VALUES(213,'Dikhita','Dharmik Road','7802345678',509); 

INSERT INTO RECEPTIONIST VALUES(214,'Kushagra','Vijay Nagar','9056429923',517); 

INSERT INTO RECEPTIONIST VALUES(215,'Krish','Sitapur road','7556462832',511); 

INSERT INTO RECEPTIONIST VALUES(216,'Seema','Suyog Complex','8734829382',521); 

INSERT INTO RECEPTIONIST VALUES(217,'Tushar','Dhaula Kuan','6554378245',528); 

 

INSERT INTO HOSPITAL VALUES(1110,'Medica Zone','Avanti Nagar'); 

INSERT INTO HOSPITAL VALUES(1111,'24hr Homecare','Lohegaon'); 

INSERT INTO HOSPITAL VALUES(1112,'Care-a-million','Dhaula Kuan'); 

INSERT INTO HOSPITAL VALUES(1113,'Sunrise Treatment','Dharini Road'); 

INSERT INTO HOSPITAL VALUES(1114,'Med win Care','Avanti Nagar'); 

INSERT INTO HOSPITAL VALUES(1115,'Batra Hospital','Pushkar'); 

 

 

INSERT INTO ORDERS VALUES('Medica Zone', 1110, 509); 

INSERT INTO ORDERS VALUES('24hr Homecare', 1111, 511); 

INSERT INTO ORDERS VALUES('24hr Homecare', 1111, 517); 

INSERT INTO ORDERS VALUES('Care-A-Million', 1112, 521); 

INSERT INTO ORDERS VALUES('Sunrise Treatment', 1113, 523); 

INSERT INTO ORDERS VALUES('Med win Cares', 1114, 528); 

INSERT INTO ORDERS VALUES('Batra Hospital', 1115, 534); 

 

INSERT INTO AVAILABLE VALUES('O+', 528); 

INSERT INTO AVAILABLE VALUES('A-', 511); 

INSERT INTO AVAILABLE VALUES('B+', 517); 

INSERT INTO AVAILABLE VALUES('A+', 523); 

INSERT INTO AVAILABLE VALUES('AB+', 521); 

INSERT INTO AVAILABLE VALUES('AB-', 528); 

INSERT INTO AVAILABLE VALUES('A-', 511); 

INSERT INTO AVAILABLE VALUES('B+', 517); 

INSERT INTO AVAILABLE VALUES('A+', 523); 

INSERT INTO AVAILABLE VALUES('AB+', 521); 

INSERT INTO AVAILABLE VALUES('AB-', 528); 

INSERT INTO AVAILABLE VALUES('A-', 511); 

INSERT INTO AVAILABLE VALUES('B+', 517); 

INSERT INTO AVAILABLE VALUES('A+', 523); 

INSERT INTO AVAILABLE VALUES('AB+', 531); 

INSERT INTO AVAILABLE VALUES('AB-', 534);
 